country,avg_order_value
Switzerland,3508.965161
Denmark,3476.109841
Austria,3428.001091
Philippines,3364.165385
Singapore,3341.744051
Sweden,3291.900877
USA,3260.239094
Japan,3229.037500
Spain,3214.587982
France,3208.197516
Finland,3208.145109
"New Zealand",3200.315503
Norway,3186.427059
Germany,3168.886935
Ireland,3118.641875
Australia,3040.986973
UK,3034.357222
Belgium,3032.386667
Italy,2980.304215
Canada,2941.598000
"Hong Kong",2842.549375
